,Gene,Sequence,Position
0,CDT1,ACRTPsPARPA,S31-p
1,CPSF7,ADGRAtPSENL,T203-p
2,HADHA,ADHANsPNKKF,S756-p
3,CCNT1,ADKHNsVEDSV,S495-p
4,NUFIP2,ADNDGsGsESG,S212-p;S214-p
5,FAM91A1,ADRKLsDASDE,S671-p
6,GRAMD2B,ADRPSsLPLDF,S242-p
7,GBF1,ADVVNsGWLVV,S1344-p
8,EZR,AERELsEQIQR,S366-p
9,FAM83H,AFKRHsFATEG,S411-p
10,CIAPIN1,AFRCAsCPYLG,S287-p
11,NOP2,AGIQWsEEEtE,S181-p;T185-p
12,ALPK3,AGRKGsQLSPQ,S1852-p
13,EXD2,AGRPEsPGDYY,S407-p
14,ELL2,AGTSRsESPVC,S303-p
15,FLVCR1,AIPADsPTDQE,S536-p
16,OSBPL3,AIQGGsFESPK,S262-p
17,USP34,AKERKtKDDEG,T3343-p
18,ZNF217,AKGKQsPPGPG,S795-p
19,NPM1,AKMQAsIEKGG,S254-p
20,AHNAK2,ALCKEsPGLWG,S5428-p
21,BCAP31,AMRKQsEGLTK,S216-p
22,UMPS,ANHNGsPLSIK,S214-p
23,ANKRD17,ANKNAsILLEE,S1457-p
24,RANBP2,ANKSGsSFVHQ,S1449-p
25,SEC16A,APVGNsLSELS,S2037-p
26,GREM1,AQHNDsEQTQS,S44-p
27,NECTIN1,AQNLQyPDDSD,Y418-p
28,TACC3,AQPPEsPETRL,S434-p
29,UIMC1,AREVNsQEEEE,S101-p
30,ERCC6L,ARRIVsDGEDE,S1028-p
31,CARD14,ASDQEsGDEEL,S259-p
32,KDM5C,ASLPSsPGLLQ,S897-p
33,KIAA0319L,ATDQEsLELKP,S978-p
34,AKAP8L,AVEKGsRVDGE,S326-p
35,IWS1,AVLSDsEDEEK,S400-p
36,CCDC120,AVSGGsPERRT,S256-p
37,PSD3,CDRSSsMGRPG,S289-p
38,ADAT1,CEDPDsPVTKK,S191-p
39,ICE1,CIERLsASPAQ,S514-p
40,HERC2,CILPHsPINVD,S1588-p
41,KIF18B,CLRRGsLPDTQ,S662-p
42,PKP1,CNKDLsFGHSR,S225-p
43,RIPK2,CPGNHsWDSTI,S393-p
44,TPX2,CRDPQtPVLQT,T369-p
45,NDE1,CRNLVyDQSPN,Y279-p
46,CTTN,CSQVDsVRGFG,S117-p
47,SECISBP2,CTRELsWTPMG,S296-p
48,RPS6KA5,CVHKKsNQAFA,S448-p
49,INAVA,CVLRRsPDGAP,S643-p
50,AKAP11,CVMRVsPtsPR,S130-p;T132-p;S133-p
51,CISD2,CWRSKtFPACD,T106-p
52,DDX51,DAEPGsPEAPQ,S83-p
53,ZC3HAV1,DAGPAsRDVQA,S469-p
54,AHNAK2,DAHDVsPTSTD,S294-p
55,ADD3,DASSVsQIQSQ,S592-p
56,KMT2C,DCDGKsEssPE,S1248-p;S1250-p;S1251-p
57,HDLBP,DCDPGsPRRCD,S944-p
58,SAP30,DDGGDsPVQDI,S138-p
59,CBX8,DDKPSsPGDSS,S191-p
60,DDX3X,DDRGRsDYDGI,S102-p
61,SNRNP70,DDTSRyDERPG,Y219-p
62,FAM13A,DEAHLsPQAGR,S597-p
63,UTP20,DEKAEsDGEEK,S2601-p
64,LEO1,DEKQNsDDEEQ,S229-p
65,SYTL2,DELPQsPGLIH,S344-p
66,AFTPH,DENIDtPGTPK,T614-p
67,EIF3B,DERSDsRAQAV,S119-p
68,SPP1,DFKQEtLPSKS,T73-p
69,CAMSAP3,DGHAAsPRGTE,S334-p
70,KRT18,DGKVVsETNDT,S420-p
71,WDHD1,DGQEGsIHNLP,S407-p
72,TXLNG,DGQQDsECNRN,S125-p
73,SPEN,DHENRsPVKEP,S1918-p
74,PRRC2C,DIKPGtPPIAG,T2673-p
75,CARD14,DILEQsLDEAR,S290-p
76,MKI67,DKCSAsPPLRR,S827-p
77,SLAIN1,DKLRRsMPNLA,S403-p
78,PCM1,DLDQRsIGSDS,S116-p
79,PCM1,DLDQRsIGsDS,S116-p;S119-p
80,GPATCH4,DLESCsDDDNQ,S130-p
81,CHTF18,DLLGVsLASLK,S222-p
82,HTATSF1,DLNKEsEEEVG,S529-p
83,KSR1,DLSHGsPQMVR,S334-p
84,MSH6,DNEIEsEEEVQ,S227-p
85,MAP7,DPDRRsVSTMN,S181-p
86,ARID5B,DPHRCsFSKHH,S787-p
87,LUC7L2,DQDLAsCDRDR,S347-p
88,DAP,DQEWEsPsPPK,S49-p;S51-p
89,TNK1,DQHPGsIDGDR,S468-p
90,ATRX,DQSDEtSEDDK,T977-p
91,ATRX,DQSDEtsEDDK,T977-p;S978-p
92,EIF4B,DRDDRsFGRDR,S183-p
93,NRIP1,DRFAEsPHHVG,S218-p
94,NOL8,DRKAVsPSSSE,S660-p
95,ANK3,DRLDDsPDQCR,S4229-p
96,SYTL2,DRQQGsEEEPS,S488-p
97,SAFB2,DRREGsRPMMG,S787-p
98,FNBP1L,DRRHSsDINHL,S489-p
99,VCPIP1,DRRILsGSCPD,S46-p
100,NAV1,DSDNIsLKSIG,S754-p
101,SPP1,DSQELsKVSRE,S267-p
102,CYLD,DSRFAsLQPVS,S547-p
103,IRS2,DSRQRsPLSDY,S973-p
104,MGA,DSRVAsPLDQN,S369-p
105,NUP153,DTAKQtGIETP,T695-p
106,EIF4B,DTEQQsPTSGG,S504-p
107,TC2N,DTITLsGDERD,S218-p
108,TP53BP1,DTSVLsEEGGE,S398-p
109,MCM2,DVEELtASQRE,T106-p
110,C2CD2,DVGRAsPLSSD,S435-p
111,SQSTM1,DYDLCsVCEGK,S152-p
112,ERRFI1,DYRRWsAEVTS,S302-p
113,SUPT16H,DYSKEsLGsEE,S979-p;S982-p
114,ZBTB1,EADEEsLQLGN,S179-p
115,NOM1,EAEAQsEDDDE,S280-p
116,TMCC1,EAPKGsPQINR,S134-p
117,GPR68,EASGKsGAQGE,S331-p
118,RCOR2,ECKPEsPARYS,S63-p
119,AKAP1,ECPLSsPKGVL,S151-p
120,WDHD1,EDAEDsGEADD,S868-p
121,GOLPH3,EDDAQsRRDEQ,S42-p
122,BCCIP,EDDDDsDKEKD,S42-p
123,WDHD1,EDDENsVDISM,S383-p
124,RIF1,EDNNAsPQKLR,S2144-p
125,GAK,EDRDEsEVsDE,S826-p;S829-p
126,EIF3A,EDREPsLRPDD,S949-p
127,LAD1,EEADMsSPTQR,S355-p
128,STIM1,EEDNGsIGEET,S660-p
129,YBX3,EEEEGsGssEG,S201-p;S203-p;S204-p
130,WDR75,EEEKEsEDsDE,S779-p;S782-p
131,POLR1A,EEEVDyESEEE,Y1427-p
132,NASP,EEGEKtEDESL,T123-p
133,EIF5B,EEKAEtPTAAE,T301-p
134,LEO1,EEKANsDDERP,S212-p
135,HSP90B1,EEKEEsDDEAA,S306-p
136,NOP2,EEKEVtPESGP,T195-p
137,KDM5C,EELSHsPEPCT,S301-p
138,TMX4,EENKDsLVDDE,S259-p
139,GDAP1,EEQRGsPPLRA,S11-p
140,DIABLO,EERAEsEQEAY,S230-p
141,TPMT,EERHKsWGIDC,S229-p
142,TSC1,EERMDsARPCL,S427-p
143,NASP,EETEGsEEDDK,S480-p
144,HSP90AB1,EFDGKsLVSVT,S532-p
145,DNAJC21,EFGDGsDENEM,S283-p
146,RALGPS2,EFKSAtFPNAG,T361-p
147,CPD,EFQDEtDTEEE,T1368-p
148,DYNC1LI2,EGCQGsPQRRG,S194-p
149,SLTM,EGEDDtFLTAQ,T182-p
150,MAP1B,EGEKLsPKSDI,S1779-p
151,TCOF1,EGGEAsVSPEK,S1376-p
152,BCAR1,EGKRLsASSTG,S428-p
153,MYOF,EGRQLsGNNIR,S212-p
154,MCM4,EGTPRsGVRGT,S105-p
155,SEC16A,EHSARsLHSAH,S1356-p
156,NCL,EIDGRsISLYY,S458-p
157,VCAN,EIESEtTSEEQ,T2114-p
158,KMT2C,EIKEQsAEEDA,S89-p
159,LYN,EIPREsIKLVK,S246-p
160,HCK,EIPREsLKLEK,S261-p
161,CPD,EIRMMsTGSKK,S1352-p
162,USP16,EKDNDsYIKER,S423-p
163,TBC1D8B,EKEAEsAKHSP,S949-p
164,SF3B2,EKEDFsDMVAE,S861-p
165,CLGN,EKEEEsEPEEK,S554-p
166,MAP1B,EKEVPsKEEPS,S609-p
167,XRCC6,EKIMAtPEQVG,T455-p
168,EML4,EKKEEsHSNDQ,S132-p
169,TRAF3IP1,EKLQQsPKPGE,S557-p
170,TP53BP1,EKTSNsLTEDS,S862-p
171,MAP2,ELAKKtEVQAH,T1474-p
172,SEC62,ELEQQtDGDCE,T375-p
173,COG1,ELESStSNSPS,T456-p
174,PHF14,ELTNDsLTLSQ,S290-p
175,SUZ12,EMEVDsEDEKD,S583-p
176,SRCIN1,EMPPPsPPLNL,S866-p
177,ATRX,ENKSNsEEEEE,S1442-p
178,NAA10,ENKVEsKGNSP,S182-p
179,LMNB1,ENRCQsLTEDL,S200-p
180,HUWE1,ENRDQsAQCTA,S2718-p
181,PARP10,ENRRRsGGGPV,S37-p
182,TOP2A,ENTEGsPQEDG,S1247-p
183,HNRNPU,EPGNGsLDLGG,S59-p
184,DDX10,EPRAPsLTNDE,S539-p
185,POF1B,EQELHsPTVKL,S123-p
186,HSPD1,EQSWGsPKVTK,S70-p
187,MAP11,ERHQAsLGRSQ,S511-p
188,RAI1,ERPEGsPTLFK,S1266-p
189,SMG9,ERRDAsEETST,S53-p
190,MBD4,ERRKTsLYFSS,S415-p
191,NFXL1,ERSCAsPLWHC,S356-p
192,ICE1,ERVVPsPLQFC,S1712-p
193,VCAN,ESETTsEEQIQ,S2116-p
194,NAA10,ESKGNsPPSSG,S186-p
195,WDR43,ESKRKsGGNEV,S431-p
196,MICAL2,ESMRKsFPLNL,S991-p
197,NSUN2,ESTQLsPADLT,S456-p
198,ARFGEF1,ETEKQsPPHGE,S52-p
199,NFX1,ETHTGsLIEQL,S346-p
200,FGFR1OP,ETKIGsFLSNR,S228-p
201,NSF,ETKNFsGAELE,S437-p
202,TRIP11,ETKVQsLNIEN,S1001-p
203,SPAG9,ETRNVsTGSAE,S329-p
204,ACO1,ETVNEsWNALA,S622-p
205,MAP1B,EVAPVsPEVTQ,S1298-p
206,RNF219,EVDNRsPQKFG,S210-p
207,SLC12A7,EVEQEsFFEGK,S62-p
208,CA9,EVKPKsEEEGS,S102-p
209,FAM83H,EVRHGsDPAFA,S523-p
210,MKI67,EVSCKsPQPES,S2466-p
211,SMARCC1,EVSEDtKSEEK,T828-p
212,BOP1,EYAEDssDEED,S126-p;S127-p
213,MED26,FARQQsLYAPK,S289-p
214,CLASP1,FDDEDsVDGNR,S246-p
215,EIF5B,FDDNDsEELED,S113-p
216,VDAC1,FDSSFsPNTGK,S104-p
217,VDAC2,FDTTFsPNTGK,S115-p
218,RAD50,FDVCGsQDFES,S635-p
219,HTATSF1,FEEGAsENNAK,S445-p
220,EPHB2,FERADsEYTDK,S575-p
221,EEF1B2,FGDLKsPAGLQ,S8-p
222,MPP7,FIKPPsIERLR,S490-p
223,RNF14,FNDPGsPCFNR,S451-p
224,SHCBP1,FQDEDsCSDCS,S42-p
225,CTNNA1,FQEEKsKLDAE,S696-p
226,WDHD1,FQKRNsQTNKT,S984-p
227,STK39,FRKLLsLCLQK,S315-p
228,ADNP,FRNVHsEDFEN,S98-p
229,NADK,FRRTRsLHGPC,S64-p
230,CHD8,FSDLEsEDDER,S1424-p
231,PTGES3,GADDDsQDsDD,S148-p;S151-p
232,SPAG1,GADKRsPRRAS,S418-p
233,C5orf30,GAEANsPGKAE,S25-p
234,MAP1B,GAEEQyGFLTT,Y1062-p
235,STUB1,GAGGGsPEKSP,S19-p
236,STUB1,GAGGGsPEKsP,S19-p;S23-p
237,ARFGAP3,GAKKGsLGAQK,S231-p
238,NACAD,GAKPDsPQKET,S1068-p
239,GPR68,GAPEAsGKSGA,S328-p
240,PPP1R18,GAPRRsGHTFT,S468-p
241,ZFP36L1,GARDLsADRPR,S192-p
242,FOXA1,GASNPsADSPL,S304-p
243,PIGR,GASSItQETSL,T704-p
244,ULK1,GCRLHsAPNLS,S556-p
245,FANCM,GCSSGtERPQS,T29-p
246,SAMSN1,GCYISsGNSDN,S344-p
247,CARS,GDLSIsADRLS,S307-p
248,CEP170B,GDRDEsDDGGV,S619-p
249,SMC3,GDVEGsQsQDE,S1065-p;S1067-p
250,STK39,GDWEWsDDEMD,S385-p
251,MTDH,GEAVRtPQSVT,T143-p
252,ZNF644,GEERNsAISPQ,S1186-p
253,SLC12A8,GEGNRtPESQK,T485-p
254,WEE1,GEGRRsPRPDH,S165-p
255,USP24,GENGRsVDQGG,S1935-p
256,CWC22,GERRNsFSENE,S829-p
257,PAM,GFDRLsTEGSD,S942-p
258,MAPK6,GFLNNsGEFLF,S665-p
259,FAM83H,GGERRsLESCL,S785-p
260,CLINT1,GGFRYsERYDP,S173-p
261,GOLPH3,GGGAGssEDDA,S35-p;S36-p
262,RBM6,GGHRSsCSFCK,S555-p
263,CCDC6,GGIVIsPFRLE,S52-p
264,MACC1,GGKNIsPVVFQ,S413-p
265,KRT7,GGLGSsSLYGL,S37-p
266,CDK13,GGRDDsPVSHR,S325-p
267,RBMX,GGRGGsGGTRG,S116-p
268,OSBPL3,GGSFEsPKKEK,S265-p
269,JPT1,GGSNFsLGFDE,S31-p
270,OSBPL10,GGSRSsPGSVA,S57-p
271,HNRNPA1,GGYGGsSSSSS,S360-p
272,CKAP4,GHGAAsPSEKG,S17-p
273,RNFT2,GHRGGsLLQHV,S125-p
274,TP53BP1,GIEDIsPNLSP,S1426-p
275,TP53BP1,GIEDIsPNLsP,S1426-p;S1430-p
276,STAU2,GILHLsPDVYQ,S416-p
277,PRRC2C,GKAAGsPSSSD,S187-p
278,AVEN,GKDNPsPGPSR,S261-p
279,TCOF1,GKEAAsGTTPQ,S1267-p
280,PNN,GKENVsALDME,S450-p
281,MEPCE,GKRRNsCNVGG,S152-p
282,HTATSF1,GLAKEsEDDLN,S521-p
283,CDC42BPA,GLSARsSAQNG,S1638-p
284,SOX2,GNQKNsPDRVK,S37-p
285,MACC1,GNSFDssGDEL,S115-p;S116-p
286,MIA2,GPLRLsPLLPG,S1156-p
287,RBBP8NL,GPLTRsPQALS,S487-p
288,ATXN2,GPPRMsPKAQR,S624-p
289,CCDC9,GPSRRsPGTPR,S80-p
290,CCDC9,GPSRRsPGtPR,S80-p;T83-p
291,FAM83H,GPTHNsPELGR,S1068-p
292,PARG,GQHRGsATSLV,S68-p
293,DOCK7,GQYSGsPQLLK,S30-p
294,ZC3HAV1,GRCNYsQSERN,S99-p
295,PDXDC1,GRERHsCDALN,S424-p
296,ZSWIM8,GRGWGsPGRPK,S1130-p
297,ARHGAP5,GRHRGsEEDPL,S1195-p
298,RBBP8NL,GRRKLtATEGP,T638-p
299,CEP170,GRRNIsRIDLL,S1145-p
300,CDK12,GRRRSsSPFLS,S333-p
301,CLIC6,GRVGDsVDAEG,S229-p
302,AATF,GSEEIssEDDE,S320-p;S321-p
303,CLASP2,GSLQRsRsDID,S368-p;S370-p
304,KRT17,GSSRTsCRLSG,S28-p
305,DSC2,GSVAGsVGCCS,S868-p
306,ELF3,GTEKAsWLGEQ,S58-p
307,CBX3,GTKRKsLsDSE,S93-p;S95-p
308,FBXO38,GTRRYsEREEK,S623-p
309,TJP3,GVKLGsQIFIK,S212-p
310,PI4KA,GVRRRsFNDFR,S230-p
311,VPS13D,GWEQVsPVSVD,S2983-p
312,UNK,GYACPyYHNSK,Y236-p
313,SPATS2L,HAADTsEARPF,S518-p
314,GALNT7,HAGGDsQKDIM,S103-p
315,ARHGEF2,HFNDEsPLGLR,S163-p
316,USP42,HGDRLsPGERR,S1007-p
317,ZC3HAV1,HGNPGsTYLAS,S346-p
318,SEC62,HGTEGsGGERH,S335-p
319,MMTAG2,HHHHDsDsNSP,S231-p;S233-p
320,LPXN,HHRRGtLCHGC,T327-p
321,POF1B,HITQNtEQELH,T117-p
322,MAPK6,HKGHLsEGLVT,S189-p
323,CLMN,HKKKDsPEPQV,S619-p
324,FAM76B,HKSSAtIQNET,T210-p
325,DLGAP4,HLKANsWQLVE,S909-p
326,CAMSAP3,HLRKFsPSQVP,S814-p
327,RREB1,HLRTHsGERPY,S694-p
328,ITPRID2,HQKGRsMNSTG,S153-p
329,RALGPS2,HRKCHsLGYNF,S343-p
330,IWS1,HRQKDsDSESE,S93-p
331,MAP3K9,HRRTPsDGALK,S917-p
332,RBBP6,HSRSRsPQAFR,S772-p
333,CBLB,HSRVGsDPVLM,S634-p
334,ROCK1,HVRPVtQGDVY,T1180-p
335,COL3A1,HWWTDsSAEKK,S1319-p
336,ARHGAP11A,IAKQQsLETCE,S787-p
337,RCC1,IAKRRsPPADA,S11-p
338,DDX54,IDDRDsDEEGA,S782-p
339,FAM83H,IEQKGsPTSAY,S903-p
340,DSP,IERLQsLTENL,S1708-p
341,VCAN,IESETtSEEQI,T2115-p
342,VCAN,IESETtsEEQI,T2115-p;S2116-p
343,C12orf45,IEVLDsPASKK,S178-p
344,FAM83H,IFRSDsLGTQG,S1098-p
345,CDK1,IGEGtyGVVYK,Y15-p;T14-p
346,RBM6,IGGHRsSCSFC,S554-p
347,U2AF1,IHAELsPVTDF,S145-p
348,MPP1,IHRQGsLHVGD,S110-p
349,KIFAP3,IIRLKsLNANT,S60-p
350,MET,IKDLGsELVRY,S966-p
351,KNL1,IKDVQsPGFLN,S1076-p
352,COIL,IKLGFsLTPSK,S301-p
353,SLC45A4,IKPSRsMSDLY,S454-p
354,ZBTB21,IKTEPssPLSD,S434-p;S435-p
355,ERC1,IKTFWsPELKK,S191-p
356,FAM83H,ILEQIsAHGQK,S1048-p
357,LARP4B,INGVRsPQTRQ,S451-p
358,CDK16,INKRLsLPADI,S119-p
359,DTL,INRRGsVSSVS,S485-p
360,SMARCA4,IPDPDsDDVSE,S695-p
361,RB1,IPINGsPRTPR,S249-p
362,UGDH,IPYAPsGEIPK,S476-p
363,TC2N,IQRHDsLSSVP,S191-p
364,TPD52L1,IRHSIsMPAMR,S137-p
365,IRF5,IRLQIsNPDLK,S446-p
366,ARMC10,IRSSKsAGALE,S45-p
367,ACACA,IRSSMsGLHLV,S80-p
368,USP1,ISENEsPRPSQ,S327-p
369,LRCH3,ISHEGsPVKPV,S419-p
370,TP53BP1,ISPNLsPDDKS,S1430-p
371,MYO9A,ISRESsVDCLK,S1223-p
372,TANC2,ITQRIsPCSTL,S129-p
373,MAP3K21,ITVQAsPNLDK,S528-p
374,SUPT16H,IVKQDsLVINL,S650-p
375,PLA2G4A,IVSNDssDsDD,S434-p;S435-p;S437-p
376,DCLK1,IVYAIsPDRFR,S77-p
377,TP53BP1,KAADIsLDNLV,S1618-p
378,NOLC1,KAAKNsEEEEE,S563-p
379,DHX9,KAENNsEVGAS,S125-p
380,NCKAP5L,KAGSEsPHPGR,S626-p
381,EEF1AKNMT,KARLGsVSLDL,S267-p
382,ZBTB1,KDCNEstDNDE,S355-p;T356-p
383,AHCTF1,KDDAQsVETLG,S2181-p
384,DYNC1LI2,KDFQDyMEPEE,Y184-p
385,RCOR2,KDKEDsDELEE,S202-p
386,NUP93,KDRRLsPATEN,S364-p
387,RPS20,KDTGKtPVEPE,T9-p
388,SLTM,KEDIEsQEIEA,S170-p
389,NOP58,KEEPLsEEEPC,S502-p
390,NASP,KEGEEtEGSEE,T477-p
391,NQO1,KEGHLsPDIVA,S82-p
392,PSMC3,KEKAPsIIFID,S281-p
393,EIF3H,KEKDFsPEALK,S183-p
394,AHNAK2,KEKEDtDVADG,T219-p
395,SRRM2,KELSNsPLREN,S1320-p
396,POLA1,KEPPLtPVPLK,T219-p
397,CTTN,KFGVQsERQDS,S277-p
398,RASEF,KFIGHsPQPLG,S393-p
399,ESF1,KFKIDsNISPK,S150-p
400,KIF4A,KFLEQsMDIED,S1038-p
401,CKAP4,KGAHPsGGADD,S26-p
402,RPA1,KGARVsDFGGR,S384-p
403,KRT8,KGQRAsLEAAI,S330-p
404,TCOF1,KGSLGsQGAKD,S1410-p
405,ALPK3,KGSQLsPQPQK,S1855-p
406,PUM1,KHRWPtGDNIH,T112-p
407,SYTL2,KHVRFsAVKDE,S335-p
408,KIAA0319L,KILDAtDQEsL,T974-p;S978-p
409,MKI67,KIPCEsPPLEV,S2708-p
410,DDX21,KKEEPsQNDIS,S84-p
411,DKC1,KKERKsLPEED,S21-p
412,RFC1,KKESVsPEDSE,S368-p
413,TCOF1,KKGKGsLGSQG,S1407-p
414,MDC1,KKHQVsVEGTN,S544-p
415,LTV1,KKKAVsFHLVH,S17-p
416,NIFK,KKKKVsGTLDT,S218-p
417,SYAP1,KKQEEtAVLEE,T306-p
418,CNOT3,KKRGRsTDSEV,S291-p
419,DDX10,KKRSNsEVEDV,S831-p
420,DUSP9,KKSNIsPNFNF,S328-p
421,NIFK,KKVSGtLDTPE,T220-p
422,ATAD2B,KLEPGsDVEVK,S1347-p
423,TMEM201,KLERGsACSNR,S598-p
424,KIF4A,KLRRRtFSLTE,T799-p
425,TMCC1,KMKRGtSLHSR,T119-p
426,PDXDC1,KMLEDsQRRTE,S30-p
427,ANKLE2,KPGLGsPGRYS,S914-p
428,ZNF512B,KPKERtPEEPV,T852-p
429,SAMSN1,KPKRSsSFGNF,S22-p
430,RIOK3,KQHAYsEERRS,S212-p
431,WDR4,KQRRRsPPPGP,S391-p
432,DCP2,KQYQDsPNQKK,S329-p
433,CNOT3,KRGRStDSEVS,T292-p
434,TP53BP1,KRKLItSEEER,T1672-p
435,MAP7,KRLSSsSATLL,S202-p
436,CHD1,KRQIDssEEDD,S215-p;S216-p
437,CCDC88A,KRQTRssPVLQ,S1652-p;S1653-p
438,TCF20,KRRHRsEDCGG,S1792-p
439,CTR9,KRRKGsGSEQE,S941-p
440,RBM6,KRRNDsGDHSD,S746-p
441,CUX1,KRRNGsEGNIT,S652-p
442,PCF11,KRRQRsMSPTS,S509-p
443,RAI1,KRRRPsEGRLP,S1164-p
444,SQSTM1,KRSRLtPVSPE,T269-p
445,SQSTM1,KRSRLtPVsPE,T269-p;S272-p
446,PHF14,KSNEDsLILEK,S302-p
447,MELK,KSNNWsLEDVT,S356-p
448,NFX1,KSQQTsFQSSP,S86-p
449,IWS1,KSRVVsDADDS,S415-p
450,PAICS,KTKEVyELLDS,Y22-p
451,NAV1,KTLSKsEHSLF,S142-p
452,MKI67,KTPVQySQQQN,Y351-p
453,GYG2,KVKELsPEEER,S468-p
454,SRRM1,KVKEPsVQEAT,S234-p
455,PHIP,KVLSDsEDEEK,S1283-p
456,DOP1B,LAAFQsESFKA,S1167-p
457,NASP,LAKPEtDKEQD,T170-p
458,NUMA1,LARLGsPDYGN,S1862-p
459,SYNE2,LARQQsVESLA,S2781-p
460,SYNE2,LARQQsVEsLA,S2781-p;S2784-p
461,MAP7D1,LARSRsAVTLP,S313-p
462,DCAF11,LCHRGsFSLGE,S147-p
463,PKP3,LDDRYsLVSEQ,S196-p
464,HTATSF1,LDEEGsEREFD,S616-p
465,KRT18,LDRVRsLETEN,S100-p
466,ESF1,LDSGTsEIVKS,S193-p
467,AKAP1,LECPLsSPKGV,S150-p
468,NUP62,LEDLLsPLEEL,S408-p
469,HTATSF1,LEENDsENsEF,S597-p;S600-p
470,CKAP4,LEGLGsSEADQ,S460-p
471,YTHDF2,LEKLRsINNYN,S394-p
472,NAV1,LELVEsLDSDE,S377-p
473,KIF26B,LERAEsLSSVS,S1687-p
474,ATXN2,LERDNsEEFLK,S431-p
475,COG1,LESSTsNSPSN,S457-p
476,FHL2,LGGTKyISFEE,Y236-p
477,FAM83H,LGRSGsDRLPS,S828-p
478,XIRP1,LGSRPsLQEQS,S208-p
479,KMT2E,LHCPPsPHLEN,S1444-p
480,ACACA,LHIRSsMSGLH,S78-p
481,PRCC,LHKGDsDSEED,S157-p
482,TICRR,LHPDGsPDVAG,S599-p
483,MAP3K5,LHRILtEDQDK,T1059-p
484,GORASP2,LHRIPtRPFEE,T204-p
485,ZC3HAV1L,LIHAAsLKLLQ,S218-p
486,KIF26B,LIPALsLDTSS,S1953-p
487,HELZ,LIRELsHRDQS,S1584-p
488,KIAA0753,LIRQLsLCSVK,S344-p
489,PRRC2C,LKAFGsGIDIK,S2665-p
490,SYMPK,LKEERsPQTLA,S1243-p
491,NOLC1,LKGKGsPRPQA,S538-p
492,SRGAP1,LKKIDsPPIRR,S932-p
493,USP10,LKKLLsPSNEK,S547-p
494,BAZ1B,LKKSLsGSPLK,S347-p
495,ECT2,LKKSVsMLSLN,S367-p
496,RIOK3,LKQHAySEERR,Y211-p
497,ARAF,LKRIGtGSFGT,T318-p
498,RAB40C,LKRSKsIRPPQ,S262-p
499,TRIM2,LKVIRsADVSP,S424-p
500,TRIM2,LKVIRsADVsP,S424-p;S428-p
501,ZDHHC5,LLAKDsPPtPT,S345-p;T348-p
502,TP53BP1,LLHFPsSQGEE,S1067-p
503,PARP1,LLRGGsDDSSK,S782-p
504,THEM6,LLRMEsGLSDV,S199-p
505,STX16,LLRNNsIQNRQ,S17-p
506,HIVEP1,LLRQKsLHLPQ,S1952-p
507,ANKRD34B,LLRRQsLQTEQ,S502-p
508,AFF4,LLSPLsEPDDR,S706-p
509,EIF4G1,LMAKGsDKRRG,S1028-p
510,SLC39A11,LMKKKsDPEGP,S125-p
511,SUCO,LMRSKsLQLTG,S1081-p
512,FOXK1,LMSPRsGGLQT,S431-p
513,RNF139,LNEDDstDCDD,S634-p;T635-p
514,SET,LNEQAsEEILK,S63-p
515,SET,LNEQAsEEILK,S63-p
516,NCAPH,LNIPGtPVLED,T49-p
517,MAP3K20,LNPHQsPDFKR,S727-p
518,RELCH,LNRAGsISTLD,S180-p
519,CHAF1A,LNSEAsPSREA,S141-p
520,PARP10,LPKPLsEADVR,S143-p
521,MYO1E,LPLKFsNTLEL,S874-p
522,CEP152,LPRNVsPEFVP,S1461-p
523,UIMC1,LPRPPsLIQNE,S330-p
524,SEC16A,LQEARsPDPGI,S2022-p
525,CEP170B,LQEFAsRPLGA,S636-p
526,COG1,LQELEsSTSNS,S454-p
527,TXLNG,LQHQGsNCGGT,S69-p
528,TRIP12,LQHTEsPSETN,S100-p
529,TOPBP1,LQKEPsLHLDT,S817-p
530,EPC1,LQRAIsAQQVY,S60-p
531,PKP3,LQRFQssHRSR,S256-p;S257-p
532,DENND1C,LQRGGsLRAPA,S480-p
533,ARHGAP32,LQRNEsEPSEM,S682-p
534,ABCC3,LQRNGsFANFL,S844-p
535,PPFIA3,LQRQLsIALPQ,S75-p
536,SCRIB,LQRRAtPHPSE,T475-p
537,JPT1,LQRRNssEASS,S87-p;S88-p
538,SSH3,LQRRQsFAVLR,S37-p
539,BAIAP2L1,LQRSVsVATGL,S331-p
540,PLPP6,LRASEsPVHRR,S63-p
541,ZC3H18,LRDSGsDQDLD,S34-p
542,PRRC2A,LRERGtPPVDP,T782-p
543,HIVEP2,LRGSHsFDERM,S565-p
544,PCF11,LRHREsWSSTK,S624-p
545,NAV1,LRKQKsLTNLS,S90-p
546,WEE1,LRLFDtPHTPK,T187-p
547,MICAL2,LRPVDsWRKNY,S631-p
548,PNN,LRRGFsDSGGG,S66-p
549,ARHGEF2,LRRILsQSTDS,S172-p
550,SASH3,LRRKPsNAsEK,S7-p;S10-p
551,CDC26,LRRKPtRLELK,T7-p
552,CAPN15,LRRREsMHVEQ,S456-p
553,HTATSF1,LRRSDsVSASE,S387-p
554,SH2D3A,LRRSFsEDTLM,S125-p
555,ERRFI1,LRRSHsGPAGS,S251-p
556,ARHGEF38,LRRSQsDRTEY,S55-p
557,LNX1,LRRTKsGSAVA,S236-p
558,KRT8,LRRTKtEISEM,T305-p
559,CASC3,LRRVEsGGAKS,S66-p
560,PCM1,LRSDGsENLCT,S872-p
561,CEP170B,LRSGKsGPSPT,S969-p
562,SPINT2,LRTVWsSGDDK,S237-p
563,ATP7A,LSDKRsLNSVV,S1473-p
564,RPA2,LSKANsQPSAG,S174-p
565,RPS6,LSKGHsCYRPR,S82-p
566,TRIP4,LSKKVtIDFAG,T327-p
567,CCDC14,LSKRLsPQPQI,S798-p
568,PLEKHG1,LSLPEsQALLT,S896-p
569,MAP4K4,LSRRDsPLQGS,S639-p
570,HSPB1,LSSGVsEIRHT,S86-p
571,SRSF4,LSSRCsWQDLK,S116-p
572,PAM,LSTEGsDQEKE,S946-p
573,KRT80,LTGCWsAGTIS,S51-p
574,RCN1,LTPDEsKERLG,S80-p
575,MTBP,LTPELsPGKLQ,S639-p
576,ARHGAP12,LTRRPtLQAVR,T639-p
577,FAM172A,LTSWKsFPSIF,S381-p
578,TNFRSF21,LTVEPsPQDKN,S541-p
579,OSBPL3,LVHQLsNESRL,S437-p
580,FAM83G,LVKAKsVDEIA,S356-p
581,CDCA3,LVKQLsEVFET,S94-p
582,ANP32A,LVLDNsRSNEG,S27-p
583,ARFIP1,LVRKWsLNTYK,S132-p
584,GTF3C1,LVRNLsEEGLL,S667-p
585,ARMCX3,MAEGGsGDVDD,S43-p
586,UBA1,MAKNGsEADID,S46-p
587,NASP,MDISKsAEEPQ,S191-p
588,SKP1,MIKGKtPEEIR,T131-p
589,AHNAK2,MKASKsGVSLP,S5036-p
590,NGDN,MMSKLssEDEE,S142-p;S143-p
591,ERC1,MNSIKtFWSPE,T188-p
592,TAP1,MPTVRsFANEE,S439-p
593,KSR1,MRFDLsHGSPQ,S331-p
594,MLF2,MSRMLsGGFGY,S32-p
595,GRHL1,NAQRRtPDSTF,T208-p
596,CEP131,NARSSsALDSP,S146-p
597,FHL2,NCKKCsLSLVG,S255-p
598,APIP,NEKDIsGPSPS,S84-p
599,SMARCAD1,NERKAsISYFK,S79-p
600,FAM83H,NESKGsPTSAY,S870-p
601,ABCC3,NFLCNyAPDED,Y852-p
602,MYBBP1A,NGAPGsPTEPA,S1267-p
603,HMGN1,NGETKtEESPA,T83-p
604,USP36,NGIISsPLTGK,S464-p
605,GAPDH,NGNPItIFQER,T75-p
606,TPI1,NGRKQsLGELI,S58-p
607,DCP2,NGRKQyQDSPN,Y326-p
608,BRIP1,NGTSStCQDSP,T124-p
609,COL17A1,NGYAKtASLGG,T43-p
610,TBC1D1,NHLGDsGGTPV,S649-p
611,EXOC5,NHQKRsIGTGG,S378-p
612,MTUS1,NIDRIsPEKKG,S663-p
613,NAV2,NISSKsAGLPV,S1245-p
614,SRPK1,NKQEEsEsPVE,S309-p;S311-p
615,SCFD1,NLEESsGVENS,S298-p
616,DLG5,NLLQQsWEDMK,S264-p
617,CENPF,NLPERsPTDSP,S3079-p
618,PCM1,NNCPFsADENY,S960-p
619,SRRM2,NNKCLtPQRER,T1511-p
620,NKAP,NPEPDsDEHtP,S157-p;T161-p
621,TFAP2C,NPGDQsPADSN,S434-p
622,DTL,NPSPRsPSSQT,S679-p
623,HTATSF1,NPVRGsEEDSP,S494-p
624,XRN1,NQHHKsGFNDN,S1273-p
625,BEND3,NRENSsPCQGN,S93-p
626,TANK,NRGAPsITSVT,S208-p
627,NMT1,NRGGLsPANDT,S47-p
628,RALGPS2,NRLYHsLGPVT,S422-p
629,ESRP1,NRNGLsPPPCK,S543-p
630,BRCA1,NRNYPsQEELI,S1524-p
631,NXF1,NRRGDtWHDRD,T85-p
632,RAB1A,NVKIQsTPVKQ,S194-p
633,SPAG9,NVSTGsAENEE,S332-p
634,YBX1,NYQQNyQNSES,Y162-p
635,ATP7A,NYSRAsINSLL,S1463-p
636,ATP7A,NYSRAsINsLL,S1463-p;S1466-p
637,BAG3,PAAQPsFHQAQ,S224-p
638,WDR55,PAEDGsDEEDP,S14-p
639,DTL,PAKARsPINRR,S478-p
640,RFC1,PAKKEsVSPED,S366-p
641,POM121B,PASSRsQtPER,S29-p;T31-p
642,BCR,PDGEGsPGKAR,S122-p
643,PI4KB,PDTGLsPSKRT,S266-p
644,DYNC1I2,PEEEKtLKKDE,T192-p
645,RIC8A,PEGQYsEDEDT,S436-p
646,PARP4,PELRLsKRKHR,S1236-p
647,HID1,PEPQQsLEDGS,S648-p
648,FAM83H,PERRGsLtLTI,S936-p;T938-p
649,ZNF687,PFFKQsPGHQS,S266-p
650,DOP1B,PFKTKsSESPS,S711-p
651,NCAPD3,PFTLNsGSPEK,S1382-p
652,JPT2,PGEKGsARKAG,S144-p
653,EIF4G1,PGGRLsWGKGS,S1092-p
654,FUS,PGKMDsRGEHR,S513-p
655,MISP,PGSLAsVESPG,S281-p
656,ARHGEF5,PHRRDsGRPPG,S1011-p
657,ZDHHC20,PIKPLsESKNR,S328-p
658,GFPT2,PILYRtCTLEN,T225-p
659,STAU2,PIPERsPQNGE,S188-p
660,C1R,PIRRVsVHPDY,S541-p
661,TRIT1,PKEKGsPGQND,S455-p
662,MPHOSPH9,PKENLsPGFSH,S994-p
663,SRCAP,PKKNRsPADAG,S2869-p
664,ANKRD17,PLDCGsASPNK,S2065-p
665,FOSL2,PLEEDsPSSSS,S230-p
666,TANK,PLLEDsETRKN,S82-p
667,C1orf226,PNGEVsLSVPD,S196-p
668,DNMT1,PNHARsPGNKG,S1105-p
669,NHS,PNSQRsPGLIY,S1499-p
670,MAGED1,PPARQsPPARQ,S322-p
671,CEP131,PPEDGtLLSEA,T522-p
672,DTX3L,PPLKGsVSSEA,S545-p
673,RNF10,PPRSAsAGPAG,S41-p
674,LSR,PPRSRsRDDLY,S530-p
675,WIPF2,PQRHNsLHRKT,S282-p
676,FGD1,PQRLRsDPGPP,S135-p
677,NCOR2,PRANAsPQKPL,S956-p
678,IBTK,PRDLQsPDFTT,S1045-p
679,ERRFI1,PREPLsPSNSR,S326-p
680,MORC3,PRRHLsEGTNS,S514-p
681,CDK9,PRRKGsQITQQ,S347-p
682,REM2,PRRRGsMPVPY,S68-p
683,DNMT1,PRRSKsDGEAK,S143-p
684,SMARCA1,PSAQKsPTSPL,S116-p
685,SCAMP3,PSRKLsPTEPK,S76-p
686,PRRC2C,PSRKRsVsHGS,S924-p;S926-p
687,RANBP2,PTEESsINYTF,S2606-p
688,SIPA1L1,PVVHLsPNKQG,S1270-p
689,IFIT3,QAIELsPDNQY,S203-p
690,HIRIP3,QAREEsEESEA,S196-p
691,ACIN1,QARRLsQPESA,S710-p
692,ZC3HAV1,QDICNsKHMQK,S221-p
693,LARP1B,QDPNKtPRFYP,T616-p
694,CENPF,QDSRGsPLLGP,S2900-p
695,YTHDF2,QEEEEsVKKER,S569-p
696,XRCC1,QEEKKtPSKPP,T257-p
697,UNG,QEEPGtPPSSP,T60-p
698,SRPK1,QEESEsPVERP,S311-p
699,UTP18,QEHEDsGDSEV,S121-p
700,PMS2,QEHVDsQEKAP,S535-p
701,GAPDH,QERDPsKIKWG,S83-p
702,SPP1,QETLPsKSNES,S76-p
703,CDCA2,QFFKIsPDLNI,S756-p
704,AAAS,QFPRFsPVLGR,S495-p
705,OTUD4,QFYNQtYGSRK,T1046-p
706,SRSF10,QGDRKtPNQMK,T92-p
707,DDX46,QGKKWsLEDDD,S199-p
708,CRACR2A,QGPKGsGACLH,S26-p
709,RRP1B,QGPRGsPTGGA,S513-p
710,ANLN,QGVSKtQSLPV,T483-p
711,EML4,QIHRQtPESKN,T160-p
712,SSR1,QINKAsPRRLP,S268-p
713,SRRM2,QKDKFsPFPVQ,S1188-p
714,TEP1,QKKANtPETQT,T2511-p
715,GCC2,QKNINsLQEEL,S236-p
716,DTX3L,QKQQFsPSMTE,S202-p
717,CRYBG1,QKSTDsPGADA,S22-p
718,VRK3,QKTRQsPQTLK,S136-p
719,TMEM132A,QLDRQsPGPPK,S913-p
720,NUDC,QLKNGsLDSPG,S136-p
721,FNDC3B,QNRLNsPPSSI,S208-p
722,RSF1,QPARDsQPRVL,S1325-p
723,DBF4,QPKQKsDTVLF,S508-p
724,RIF1,QPKVKsPQRPS,S782-p
725,MFSD6,QPLQGtNENRE,T726-p
726,UBR5,QQRRIsQSQPV,S1549-p
727,UBE2Q1,QQSYKsLVQIH,S404-p
728,BCL9,QRDPGtPNDDS,T115-p
729,TBC1D5,QRLMKsESMPV,S520-p
730,DSP,QRPYGsHRETQ,S1949-p
731,JPT1,QRRNSsEASSG,S88-p
732,UBR5,QSRDLsLEVDR,S2241-p
733,KRT19,QSSATsSFGGL,S13-p
734,ABCC4,QSSRPsLKDGA,S668-p
735,EEF1D,QTQHVsPMRQV,S133-p
736,EPB41,QTRQAsALIDR,S521-p
737,HCK,QVGGNtFSKTE,T36-p
738,RAMAC,QWHGRsWGNNY,S86-p
739,SIGLEC7,QYAPLsFHKGE,S441-p
740,NECTIN1,QYPDDsDDEKK,S422-p
741,MMTAG2,RAEDQtEsSCE,T175-p;S177-p
742,C5orf30,RAHSKsLDYLN,S167-p
743,FAM120B,RAHWGsHHAGR,S863-p
744,ECT2,RALMTsHGSVE,S858-p
745,USP36,RARAVsPAPQS,S742-p
746,YTHDC1,RARGIsPIVFD,S308-p
747,C2CD2,RASPLsSDSPV,S438-p
748,NUP98,RCLIKsPDRLA,S839-p
749,ZNF384,RCRMCsLTFYS,S234-p
750,ZFPL1,RDDDRtPGLHG,T223-p
751,SART1,RDEERsANGGS,S591-p
752,CIT,RDKMNsPGLQT,S1432-p
753,ARFIP1,RDLKHsLPSGL,S36-p
754,ARFIP1,RDLKHsLPsGL,S36-p;S39-p
755,NOC2L,REAARsPDKPG,S49-p
756,RSF1,REIKLsDDFDS,S392-p
757,ZNF318,REKFGsFLCHK,S472-p
758,UBN2,REKNGsEEDDD,S584-p
759,PRKDC,REKRLsFAVPF,S893-p
760,FAM13A,RENSDsDEAHL,S591-p
761,FIP1L1,RERDHsPtPSV,S492-p;T494-p
762,DPYSL3,RFIPCsPFSDY,S472-p
763,ABCE1,RFRDAsLVFKV,S328-p
764,KRT18,RGGMGsGGLAT,S60-p
765,HJURP,RGGPAsPGGLQ,S473-p
766,SLAIN2,RGIEYsRVSPQ,S374-p
767,DSP,RGIHNsIGDYR,S227-p
768,PBK,RGLSHsPWAVK,S59-p
769,C1orf131,RGQRKsASSFF,S86-p
770,PPP6R3,RGRLGsFHELL,S315-p
771,ERBB2,RGRLGsQDLLN,S819-p
772,AFF4,RGRQKsPAQSD,S549-p
773,PTPN6,RGVHGsFLARP,S26-p
774,ASCC2,RHDSStAVAGS,T708-p
775,RRP12,RHRALsQAAVE,S1049-p
776,GPBP1L1,RHWNGsFHSRK,S123-p
777,DSN1,RIHLGsSPKKG,S57-p
778,CAD,RIHRAsDPGLP,S1859-p
779,TJAP1,RIPRNsPLPNC,S345-p
780,OTUD4,RKDKDsIHGHS,S517-p
781,POM121B,RKKQNsNSQST,S76-p
782,CHD4,RKPKGsPRVPD,S277-p
783,SIPA1L1,RKRHQsDGNEI,S1508-p
784,SAP30,RKRKGsDDDGG,S131-p
785,TCOF1,RKRKLsGDQPA,S1350-p
786,ARHGAP11A,RKRRQsVGDFV,S285-p
787,SRRM2,RKRSRsRtsPA,S1854-p;T1856-p;S1857-p
788,SH2D3A,RKWSNsQPADL,S147-p
789,YBX3,RKYLRsVGDGE,S134-p
790,MARF1,RLRRLsDNCGG,S536-p
791,GTSE1,RLVDVsPDRGS,S575-p
792,ACBD5,RMQHLsEGTKG,S418-p
793,DNAJC2,RNRNAsASFQE,S47-p
794,DNAJC2,RNRNAsAsFQE,S47-p;S49-p
795,RIC8A,RPEGQySEDED,Y435-p
796,SPATS2L,RPFRGsVGRVS,S526-p
797,PDLIM7,RPRPGtGQSRS,T161-p
798,KIF1A,RPRSDsLILDH,S1370-p
799,TTYH3,RQAHDsLYRVH,S437-p
800,PARP14,RQDPRsPSRFL,S50-p
801,VCAN,RQEIEsETTSE,S2112-p
802,TIMELESS,RQLLDsDEEQE,S1173-p
803,EIF2AK3,RQRKEsETQCQ,S555-p
804,POLE,RQRLEsAEGVL,S1297-p
805,SRRM2,RQRSRsGssPE,S1579-p;S1581-p;S1582-p
806,CLASP1,RQSSGsATNVA,S649-p
807,DBNL,RREQRyQEQGG,Y224-p
808,GRAMD1A,RRGHVtPNLSR,T277-p
809,MCM4,RRGRAtPAQTP,T19-p
810,MBOAT7,RRKAAsQPTSL,S459-p
811,E2F8,RRKINsAPsSP,S413-p;S416-p
812,MAP7,RRLQLsPWESS,S219-p
813,ERRFI1,RRLRRsHSGPA,S249-p
814,MAP7D1,RRPEAsPVQKK,S410-p
815,PLA2G4A,RRQNPsRCSVS,S724-p
816,CLK2,RRREDsYHVRS,S50-p
817,KCNK5,RRRKEsFESSP,S266-p
818,ATAD2,RRRLRsAGAAQ,S41-p
819,TRPS1,RRRRGsGVFCA,S892-p
820,SRRM2,RRRSRsRtsPV,S1984-p;T1986-p;S1987-p
821,TRIM2,RSADVsPTTEG,S428-p
822,TRA2B,RSASRsGSAHG,S20-p
823,FOSL2,RSGGGsVGAVV,S215-p
824,GPNMB,RSKGLsVFLNR,S542-p
825,MAP1B,RSLMSsPEDLT,S832-p
826,PPP1R14D,RSRRPsRLTVK,S55-p
827,TPCN1,RSRTKsDLSLK,S766-p
828,TMEM134,RSSQWsFSTIS,S93-p
829,CLASP1,RSSSSsQEsLN,S559-p;S562-p
830,CRYBG1,RVPDPsPVTKG,S141-p
831,TCF20,RVRQLsGQSTS,S538-p
832,WDR89,RVRVHsNDSYK,S377-p
833,SAFB,RYPDHsVDRRE,S761-p
834,PTPN1,RYRDVsPFDHS,S50-p
835,ATAD2,RYRLSsAGPRS,S337-p
836,PDCD11,RYSHVsQHSPS,S1357-p
837,IL37,SAEKGsPILLG,S107-p
838,SURF6,SAKELsPAALE,S138-p
839,CAMSAP3,SALARsPARGL,S1031-p
840,GCN1,SAQQDsIKKAN,S786-p
841,ELMSAN1,SATKGsPHPGV,S148-p
842,MSH6,SDIGGsDVEFK,S261-p
843,RNF219,SDNSKsPCNNG,S553-p
844,SRRM2,SDRSRsAtPPA,S2090-p;T2092-p
845,PRPF40A,SDSPEsDAERE,S888-p
846,PPP4R2,SDSSTsESEVS,S218-p
847,SPP1,SDVIDsQELSK,S263-p
848,KLHDC4,SEDEDsLEEAG,S418-p
849,CIT,SESVVsGLDSP,S436-p
850,CEP170B,SFSGRsVELCC,S1199-p
851,NAB2,SFSPKsPLELG,S162-p
852,DBNL,SGANYsFHKES,S141-p
853,UFD1,SGEGQsLRKKG,S299-p
854,SCFD1,SGVENsPAGAR,S303-p
855,BMS1,SKAGLsPANCQ,S552-p
856,RNF213,SKASWtVQESK,T84-p
857,CCDC9,SKGGRtPPQQG,T95-p
858,NPM1,SKGQEsFKKQE,S227-p
859,BCR,SKGRGsRDALV,S473-p
860,MYCBP2,SKHSRsLKPDG,S2741-p
861,XRCC1,SKPQEsPKGKR,S241-p
862,BRCA1,SKRHDsDTFPE,S694-p
863,SYTL2,SLEDNsSPNSL,S321-p
864,MARK2,SLGQAsIQNGK,S498-p
865,MYBBP1A,SLVIRsPSLLQ,S1308-p
866,KIF23,SNDRNsMDIQC,S160-p
867,SFN,SNEEGsEEKGP,S74-p
868,ARMCX3,SNESKsIVWYP,S72-p
869,SMN2,SPGNKsDNIKP,S180-p
870,MISP,SPRHLsESSGK,S471-p
871,LARP1B,SPRIGsPLsPK,S340-p;S343-p
872,FHL2,SQCRNsLVDKP,S74-p
873,PPHLN1,SQHRKsVRPGA,S172-p
874,MKI67,SQQQNsPQKHK,S357-p
875,BCL9,SQSQPsPCDSK,S62-p
876,ASPM,SQVPQsPEDWR,S425-p
877,XRCC1,SRAIGsTSKPQ,S234-p
878,RBBP6,SRDDAtPVRDE,T984-p
879,SPP1,SREFHsHEFHS,S275-p
880,ELL,SRKRAtPINLA,T180-p
881,EIF4ENIF1,SRRSGsPLEKD,S138-p
882,SRRM2,SRSLSySPVER,Y2693-p
883,KRT6A,SRSRGsGGLGG,S44-p
884,EPN3,SRSRGsPSSYN,S182-p
885,KRT19,SSATSsFGGLG,S14-p
886,UTP18,SSDDEsEEDED,S210-p
887,RANBP2,SSINYtFKTPE,T2610-p
888,SSR3,SSKQQsEEDLL,S11-p
889,HNRNPA1,SSSSSsYGSGR,S365-p
890,BSDC1,SSTDIsEDWEK,S392-p
891,SMARCAD1,SSVPEtPDNER,T71-p
892,YLPM1,SSYLEsPRGPR,S756-p
893,EDC4,STLAEsPRNGL,S844-p
894,POF1B,STLHItQNTEQ,T114-p
895,KRT18,STNYRsLGSVQ,S15-p
896,UBAP2,STPGDsPSTVN,S473-p
897,FAM83H,STRRGsPTTGF,S892-p
898,SMG9,SVMQKtPIILS,T64-p
899,YTHDF3,SVQNGsIHQKD,S23-p
900,CHAF1A,SVQSKsPDLEA,S65-p
901,PIMREG,SVRRRsLQHQE,S16-p
902,TDRKH,SWEKPsDDSFQ,S275-p
903,PKP3,SWSSRsAVDLS,S123-p
904,NCAPG,TAEADsESDHE,S973-p
905,NCAPG,TAEADsEsDHE,S973-p;S975-p
906,PPP1R10,TARRLsHDNME,S451-p
907,MAP7D2,TATKAyPQSPK,Y301-p
908,DSP,TCQSGsGWDEF,S178-p
909,RSF1,TDEEEsCDNAH,S1310-p
910,MASTL,TDKQQtPEKLP,T519-p
911,PACS1,TDLQGsASPSK,S493-p
912,RRBP1,TERIRsIEALL,S959-p
913,NUMB,TEWGQsSGAAS,S420-p
914,RCN1,TFDQLtPDESK,T76-p
915,LARP1,TFTAWsDEESD,S627-p
916,HUWE1,TGRLGsSGLGS,S3752-p
917,MKI67,TGRREsVNLGK,S374-p
918,SLC4A4,THRNLtSSSLN,T254-p
919,HNRNPA2B1,TIEIItDRQSG,T145-p
920,BAIAP2L1,TIFPHtAGSNK,T351-p
921,PALLD,TIGSSsPKTGV,S401-p
922,USP28,TIRPNsPYDLC,S1053-p
923,UTP14A,TKDSGsQEVLS,S453-p
924,TP53BP1,TKGDDtDTRDD,T591-p
925,LRRC41,TKRSPsAPAAT,S359-p
926,DOP1B,TKSSEsPSSSP,S714-p
927,HMGN1,TKTEEsPASDE,S86-p
928,TP53BP1,TQEKTsNSLTE,S860-p
929,EEF2,TRFTDtRKDEQ,T59-p
930,IRS1,TRVNLsPNRNQ,S1078-p
931,ANKZF1,TSCSGsGERES,S51-p
932,CHAMP1,TSKHAsPDKWN,S87-p
933,RUNX2,TSRRFsPPSSS,S28-p
934,SCEL,TYKANtLDNQL,T112-p
935,MKI67,VAEPAsPEQEL,S308-p
936,CRYBG1,VASAAsPESKP,S75-p
937,PFKFB3,VDHRPsLPRSC,S22-p
938,SUGP2,VDQEGsLLGKG,S224-p
939,DDX5,VEDRGsGRSRG,S480-p
940,TSEN54,VERLGsLVAAE,S76-p
941,SYNRG,VFRQLsLEGsG,S752-p;S756-p
942,PRKCH,VGLQPtRWSLR,T25-p
943,ATXN2L,VHRKAsEPAGG,S168-p
944,MTA1,VINNGsPTILG,S576-p
945,MYBBP1A,VIRSPsLLQSG,S1310-p
946,GZF1,VIVDGsPKNDD,S613-p
947,SURF6,VKGNLtPLTGR,T229-p
948,SYAP1,VLEEDsADWEK,S313-p
949,NASP,VLENKsLQENE,S503-p
950,GRHL1,VLPIAsEELEG,S493-p
951,SPTBN2,VLRRGsLGFYK,S2254-p
952,SEC16A,VNHWAsPELRQ,S314-p
953,ANLN,VPRAEsGDSLG,S658-p
954,IGF2BP3,VPRDQtPDEND,T528-p
955,LRWD1,VQKANsPEKPP,S212-p
956,PLEK2,VQQLHsLRNSF,S116-p
957,ATXN2L,VQRQGsGRESP,S335-p
958,TICRR,VQRVHsFQQDK,S1045-p
959,HNRNPA2B1,VRKALsRQEMQ,S189-p
960,GOLGA5,VRRKKsEPDDE,S116-p
961,PCM1,VRSDIsDQEED,S1768-p
962,TDRKH,VSKEGsWEKPS,S270-p
963,SMARCAD1,VSRANtPDSDI,T54-p
964,KRT6A,VSVSRsRGSGG,S41-p
965,MSH6,VTGNGsLKRKS,S309-p
966,KTN1,VTKQPtPPSEA,T153-p
967,SRRM1,VTKRRsPsLSS,S653-p;S655-p
968,NAMPT,VTKSYsFDEIR,S472-p
969,FOXJ3,VTLYNtDQDGS,T216-p
970,BET1L,VTRLKsLALDI,S37-p
971,ANKRD11,VYREDsAFDEY,S812-p
972,PRR36,WAELLsPLDES,S1310-p
973,BET1L,WARAQsPGAVE,S9-p
974,AUP1,WARQEsLQERK,S385-p
975,DSG2,WEEHRsLLSGR,S723-p
976,SMG9,WKEPGsGGPQN,S25-p
977,PGAM1,YDADLsPAGHE,S31-p
978,RBBP8NL,YERGLsLDSFL,S262-p
979,PATJ,YETLKsPLFNQ,S44-p
980,HNRNPA1,YGGSSsSSSYG,S362-p
981,PARP12,YHIRKsCSFQD,S283-p
982,FAM120B,YHRTGsGYSRS,S881-p
983,UTP14A,YLLSEsEDEGD,S31-p
984,AHR,YLRAKsFFDVA,S81-p
985,RSF1,YLSKNsEDDEL,S1258-p
986,STIP1,YNRHDsPEDVK,S481-p
987,RNF10,YPKNEsFNNQS,S76-p
988,ASPM,YQKILsPDSFI,S367-p
989,ASCC2,YRHDSsTAVAG,S707-p
990,SEC16A,YRREHsAFGDR,S1305-p
991,KIAA1217,YRTLDsLEQTI,S1668-p
992,CASK,YRTQSsSCERD,S576-p
993,PARN,YYRNNsFTAPS,S557-p
