,Sequence,Gene,Position,Cluster
0,AAGGNsREPSP,TBX2,S653,2
1,PTASPsGDASP,ZC3H4,S1110,2
2,ALLKAsPKKAP,RPL14,S139,2
3,QTRAAsADYLR,EIF4ENIF1,S577,2
4,LLSSVsPAVSK,TFE3,S556,2
5,AARAAsPYSQR,PKP4,S273,2
6,MTASGsPDYGQ,FLI1,S39,2
7,TRADQsPQIAT,KAT6B,S1581,2
8,KQRADsRESLK,MAP1B,S541,2
9,QNPLAsPTNTL,NUFIP2,S629,2
10,EFPRAsPRALG,CAMSAP1,S563,2
11,PPPPEtPMPPP,SF3A1,T374,2
12,DSTSQsPPIKR,ACSS2,S267,2
13,ETSQMsDLPVK,SMARCA4,S613,2
14,GLRAEsLDDQM,FGD6,S721,2
15,RRAFGsGYRRD,EIF4B,S283,2
16,TPTTVsDGENK,TMX2,S288,2
17,GEMPQsPTGLG,BAZ2A,S1397,2
18,GETRFtDTRKD,EEF2,T57,2
19,IQPALtPRKRA,AAK1,T389,2
20,PKETLsPPGNG,BCOR,S488,2
21,GTGYAsPDRTH,WDR62,S1144,2
22,DERAGtPPPAP,C6orf132,T389,2
23,KAGYStDESSS,FXR2,T411,2
24,RARAHsIQIMK,RPL18A,S123,2
25,LSRAHsPALGV,ANAPC1,S355,2
26,LPACNsPSKEM,C2CD5,S260,2
27,QGPRGsPNARS,NCL,S563,2
28,DSEEAsGAEEE,SALL2,S806,2
29,AKEGTsDPPSP,RBBP8NL,S141,2
30,EDFYDsDDDTF,SLC4A1AP,S466,2
31,KSPVVsGDTSP,MAPT,S717,2
32,ERLPSsPVYED,CTTN,S418,2
33,AAGADsPKTEE,TBC1D10B,S132,2
34,KALEIsPRSCE,SLX4,S1185,2
35,QQEAEsDSSDT,MAK16,S197,2
36,AKALEsPERPF,PGK1,S203,2
37,KPPEDsQDDES,THOC5,S307,2
38,QLMGTsRDGDT,LUC7L2,S18,2
39,KERAMsTTSIS,DBNL,S269,2
40,ASEPGsPYPEG,PLEKHA6,S251,2
41,PRANLsPSSSF,ARHGEF19,S336,2
42,RPSAPsPPPRS,LYSMD2,S24,2
43,CTKAPsEEDSL,MRPS18B,S38,2
44,LTKAPsLTDLV,ZNF609,S1055,2
45,TSRAPsPSGLM,CAMSAP3,S1074,2
46,PPLPPtPPQPA,SH3BP1,T626,2
47,VIQSNtPTPPP,EML4,T897,2
48,AQGVRsPLLRQ,TBC1D4,S666,2
49,KAQRLsQETEA,NUCB1,S369,2
50,RARGGsPAPLP,BICRA,S1413,2
51,LSAGVsPKRRA,DOT1L,S1104,2
52,ALLFSsDEEDQ,WASHC2A,S620,2
53,SALLFsSDEED,WASHC2A,S619,2
54,RASESsSEEKD,SON,S1783,2
55,RASHAsSSDWT,SIRT1,S172,2
56,LGSRAsLADAL,ZNRF1,S123,2
57,EQAKAsPALVA,STAM,S156,2
58,PLSSDsPVKTP,C2CD2,S441,2
59,EPPRAsPPGGL,KDM1A,S69,2
60,SPVTTsPTAAT,LCOR,S42,2
61,NQDRAsQQINA,KIF21A,S383,2
62,RSQKAsQSRPN,STK10,S448,2
63,VTKASsFSGIS,R3HDM1,S381,2
64,ASSKTsPHWKE,BUD13,S299,2
65,LARASsLEDLV,SKIV2L,S256,2
66,LDENTsPLLGD,TACC1,S276,2
67,PQRATsNVFAM,MYL12A,S19,2
68,RPQRAtSNVFA,MYL12A,T18,2
69,TSPSSsVSGDF,PBRM1,S14,2
70,ATSPSsSVSGD,PBRM1,S13,2
71,RKATVsPGPHA,PER2,S627,2
72,RRAVLsPGSVF,ITPKB,S43,2
73,SALSAsKSNLV,BAIAP2,S261,2
74,QHGYDsDEEVD,SUGP1,S485,2
75,KAVTFsPDLGP,CAMSAP3,S685,2
76,EKKAYsFCGTV,RPS6KA3,S227,2
77,GGGRGsRGSAG,EIF4H,S21,2
78,NNKCLtPQRER,SRRM2,T1511,2
79,ALACCsEDEED,NAA30,S39,2
80,RCVPRsRRRPR,LINC00271,S134,2
81,PGERGsGGLFS,TNKS1BP1,S1024,2
82,NVLNKsNEGKE,PFDN5,S56,2
83,IDLFGsDDEEE,EEF1B2,S106,2
84,EADAGsGPPTP,SRCAP,S568,2
85,MNYEGsPIKVT,NPM1,S70,2
86,SLSGSsPGMKD,SRRM2,S1463,2
87,GLRDGsGTPSR,SRRM2,S1451,2
88,GSPPKsPTHAS,UHRF1BP1L,S418,2
89,DHNVGsPPKSP,UHRF1BP1L,S414,2
90,IIGENsPPDYS,YY1,S247,2
91,RDKAItPPLPE,AKAP1,T533,2
92,VKDKAsPEPEK,ZMYND8,S668,2
93,EWESPsPPKPT,DAP,S51,2
94,QPPSPsPPPQS,MON1B,S61,2
95,KDVTLsPVKAG,BOD1L1,S1531,2
96,QSLKTsRDTSP,PPHLN1,S201,2
97,RDKSDsDTEGL,EPB41L1,S650,2
98,RDKSDsPAIQL,SIN3A,S940,2
99,IPGVTsPSSDE,EIF4EBP1,S83,2
100,GTRDLsPQHMV,HARS2,S67,2
101,DMQPLsPISVH,RBL1,S640,2
102,FSLGEsFGSRW,ARFGAP2,S368,2
103,PAQPMsPGEAT,MYBBP1A,S11,2
104,PDAGAsPAPSR,PPM1D,S85,2
105,KDPLSsPGGPG,EML3,S198,2
106,PLTHTsNSLPR,SPAST,S243,2
107,DQMEGsPNSSE,PRRC2C,S779,2
108,DLYPDsDWVPP,RBM15,S584,2
109,LSPVRsPKKKG,RB1,S612,2
110,TAADMyLSPVR,RB1,Y606,2
111,LQNNHtAADMY,RB1,T601,2
112,QRDRLsQVLRD,ATP13A1,S935,2
113,PGSPEsPLLDA,SHROOM3,S913,2
114,RDRPGsPESPL,SHROOM3,S910,2
115,PSLVGsKEEPP,WNK1,S174,2
116,DYDHGsRSQES,MATR3,S206,2
117,RTPKDsPGIPP,RPS6KA1,S363,2
118,ASAEQsDHDDE,EDC4,S879,2
119,VSYVKsPAAER,FARP2,S439,2
120,GHGPCtPPPAP,SETD1A,T540,2
121,KTSRDtSPSSG,PPHLN1,T204,2
122,TLIRHsPQPSP,AMOTL2,S602,2
123,TVIIVsEPSED,SMARCAD1,S124,2
124,IVSEPsEDEES,SMARCAD1,S127,2
125,AGIQWsEEETE,NOP2,S181,2
126,AGIQWsEEETE,NOP2,S181,2
127,REAASsPAGEP,SIRT1,S27,2
128,NKEALsPPRRK,MBD4,S428,2
129,SLTHQsPPQQN,BRD4,S1083,2
130,VISIDsPQKLA,TP53BP1,S727,2
131,NKPHVsDEEEE,SON,S2129,2
132,PEVGAsPQSGR,RALGPS2,S308,2
133,APPSHsPRGTK,GTF3C1,S1856,2
134,DGQEGsIHNLP,WDHD1,S407,2
135,EEGSLsDTEAD,LRRC47,S520,2
136,IEDVGsDEEEE,HSP90AA1,S263,2
137,EEQTDtSDGES,GNL1,T50,2
138,VKPPPsPVNIR,WIPF2,S235,2
139,QQEREsPRPLQ,LARP1,S75,2
140,PSTSAsPKKSP,SIRT2,S368,2
141,REKPDsDDDLD,LUZP1,S659,2
142,QQNQSsDPEEE,EPB41L2,S39,2
143,SPERSsTGPEP,SRRM2,S358,2
144,PDTGLsPSKRT,PI4KB,S266,2
145,ENGDLsPFSGT,PLCG1,S1221,2
146,KKENNsPEHLK,BRCA1,S114,2
147,EPVAGsPFERR,HIC2,S348,2
148,TESRSsTPLPT,TMPO,S159,2
149,LQIQKsPEPEV,TP53BP1,S294,2
150,HILDGsPEKTR,ACOX1,S26,2
151,KPRERsGGEQA,EMG1,S14,2
152,YRVPSsQSMED,TJP3,S369,2
153,VPSSQsMEDRG,TJP3,S371,2
154,ASLDEsQEGHA,PHAX,S368,2
155,SSRPStPGLSV,GAPVD1,T762,2
156,AERSCtPSPDQ,ZC3HAV1,T273,2
157,IVADQtPTPTR,ATF2,T69,2
158,ADQTPtPTRFL,ATF2,T71,2
159,FGGLGsKSKGH,AHNAK,S5830,2
160,FHDTSsPLMVT,EPS15L1,S108,2
161,IDLPMsPRTLD,STAT3,S727,2
162,IPRPPsVAPPP,YBX2,S189,2
163,MSKLSsEDEEE,NGDN,S143,2
164,PQFSPtGDCQA,HEATR3,T17,2
165,PPQGGsPRGSH,SLX4,S1044,2
166,MECRNsPVTKT,EIF4EBP1,S65,2
167,EDNKFsDDSDD,TRIM24,S1025,2
168,KFSDDsDDDFV,TRIM24,S1028,2
169,RFQAPsPSTLL,INTS5,S1010,2
170,SSEGGtAAGAG,ARPC1B,T315,2
171,SRFRYsGKTEY,EPB41L5,S348,2
172,SRFRYsGKTEY,EPB41L5,S348,2
173,ELMRFsDHGAA,ZNF462,S2402,2
174,GLLHGsPKTTS,PSTPIP1,S318,2
175,PSTALsPGKMS,RUNX1,S21,2
176,SASPGsPSVRS,SRCAP,S2790,2
177,GAGDGsDEEVD,MYH9,S1943,2
178,LGPHAsEPQLA,PAK4,S267,2
179,ALNLSsPKRSK,ZSCAN5A,S296,2
180,AIPGDtPPPTP,PPFIA3,T714,2
181,EMTKSsPLKIT,ANLN,S518,2
182,SGSLKsPVPRS,THOC2,S1393,2
183,IFDDAsPGKQK,SMARCA5,S66,2
184,PPPASsPSPLS,TAF6,S634,2
185,EYSRVsPQPMI,SLAIN2,S377,2
186,DESTGsIAKRL,ALDOA,S39,2
187,DSQSQsLRNLN,PTPN14,S465,2
188,ATGDTsPEPEL,EIF3G,S42,2
189,LATGDtSPEPE,EIF3G,T41,2
190,GQSVDsDSEST,SHB,S310,2
191,DLSSDsEDVVS,SMARCAD1,S98,2
192,GLLSDsMTDVP,TPD52L2,S21,2
193,TGSPRsPSTTY,CHAF1A,S775,2
194,GRGLLsPPMGQ,BCL9L,S750,2
195,SSPSEsPDSTV,ANKRD50,S1167,2
196,KGLSLsPQSPP,TICRR,S1430,2
197,YRGMGsLDAMD,IMPDH2,S416,2
198,ESKGNsPPSSG,NAA10,S186,2
199,PTAAGtPNKET,CALD1,T730,2
200,QAGSDtDVEEG,MDC1,T378,2
201,PGEPDsPTPLH,KMT2A,S1837,2
202,GRPVSsPHELR,SPTY2D1,S471,2
203,RGRGPsPAAAS,GMIP,S914,2
204,ASPEGsPLRRT,GMIP,S923,2
205,LLRGPsWDPFR,HSPB1,S15,2
206,DLDGHsDPEES,RETREG3,S320,2
207,KDGRGsEKSVT,VANGL1,S42,2
208,TSSVKsDGAGG,LARP1,S327,2
209,TSSVKsDGAGG,LARP1,S327,2
210,EKGSFsDTGLG,THRAP3,S379,2
211,SSARGsFSGQA,TBC1D5,S730,2
212,SSRRGsGDTSS,LRRFIP2,S328,2
213,RRGSGsALGGP,FGD1,S50,2
214,LASLDsLRKGG,CTNND1,S352,2
215,PSPRGsPLPTP,BRSK2,S439,2
216,GPRQPsPGPTP,WIPF1,S214,2
217,IEQKGsPTSAY,FAM83H,S903,2
218,WVLSCsPSSQG,RFWD3,S425,2
219,VPSGTsPGGVA,NFXL1,S50,2
220,TDGETsEAESN,DNTTIP2,S88,2
221,STDGEtSEAES,DNTTIP2,T87,2
222,RGVACtQPRRV,DHX15,T191,2
223,EPDPDsDWEPE,NGRN,S41,2
224,GYTSDsEVYTD,GBF1,S1320,2
225,DRGYTsDSEVY,GBF1,S1318,2
226,LRRHAsLDGAS,CBARP,S299,2
227,SRHASsSPESP,SRRM2,S436,2
228,GEDGDtDEEFW,CECR2,T546,2
229,IRHGEsAWNLE,PGAM1,S14,2
230,HDEMKsPREPG,THRAP3,S698,2
231,AVPNHsPEKKD,ARFGAP2,S146,2
232,KSDNEtNLQQQ,DENND4A,T1019,2
233,KHLFSsTENLA,RAB11FIP1,S357,2
234,GTKHLsPYATL,ESYT1,S820,2
235,LRRHLsQDHTV,DOT1L,S786,2
236,PPQGNsPHSNE,SHROOM3,S582,2
237,LKRHLtPPQGN,SHROOM3,T576,2
238,PYIDDsPSSSP,BCR,S459,2
239,RHQPStPDPFL,KMT2D,T2240,2
240,LQKHQsLDLGS,PTPN22,S414,2
241,GSDRSsFSHYS,SERBP1,S203,2
242,EDFRQsPQEHF,RBM12B,S718,2
243,QSVRHsPIAPS,INCENP,S306,2
244,TQGREsPEGSY,FNBP1L,S501,2
245,KTRHSsNPPLE,LARP1,S824,2
246,SSLHSsPPASP,RAPGEF6,S1237,2
247,VMSDSsLDLPT,SYNRG,S855,2
248,KHYGItSPISL,PAPOLA,T23,2
249,LPSPPsPLASL,DAXX,S671,2
250,GHSNSsPRHSE,HNRNPD,S83,2
251,ETAGRtPKLAR,LSP1,T244,2
252,DRDSYsPRWKG,SCAF11,S963,2
253,PIPSDsTRRKG,RPS14,S139,2
254,MDGSEtPQLFT,SF3B2,T780,2
255,KIGEGtYGVVY,CDK2,T14,2
256,NYPPGsPDLGR,PCDH1,S962,2
257,KIKLMsDVEDV,BRWD1,S1943,2
258,HKIKSsPSPEV,JMJD1C,S639,2
259,IKSSPsPEVVK,JMJD1C,S641,2
260,GTEINsDDEQE,NCAPG,S674,2
261,ATDQEsLELKP,KIAA0319L,S978,2
262,LIVTQtPHYMR,LARP1,T649,2
263,LIVTQtPPYVK,LARP1B,T454,2
264,RILSQsTDSLN,ARHGEF2,S174,2
265,PDSNDsPPAER,SPIN1,S199,2
266,MGKIPsAVSTV,SLC9A1,S599,2
267,PEEPPsPSAPS,AKAP13,S2709,2
268,EEKESsGEIEA,HEATR6,S337,2
269,SLSSAsPSKAT,RNF219,S719,2
270,NPFRGsPKCFR,ZNF638,S552,2
271,RIRPLsDGNSP,MAP3K21,S614,2
272,LSGSGsGDERV,RBM15,S212,2
273,ALKKIsYQLKV,CPA6,S60,2
274,YTPPEsPVPSY,ETV6,S22,2
275,PGGRLsWGKGS,EIF4G1,S1092,2
276,QKPKItPVTVK,NOLC1,T188,2
277,KPVKVsAPRVG,RPL24,S149,2
278,ASRSEsPPPLS,BRD3,S263,2
279,QPGHVsPTPAT,NUMBL,S263,2
280,SPTQLsDVSSP,RAI14,S286,2
281,KKDDVsPVMQF,SCYL3,S707,2
282,PRKDLsLGLDD,CDK13,S1048,2
283,RKDQEsPKMPR,INPP5D,S1039,2
284,STRKDsIPQVL,ARHGEF6,S684,2
285,CHRKDsLPDAD,PHLDB2,S513,2
286,LLRKEsAPPSL,HDAC7,S181,2
287,VEGPRtPKYMN,LARP1,T376,2
288,FVCKFsFKGMC,CD93,S183,2
289,KKKKFsFKKPF,MARCKSL1,S93,2
290,AVRKFsPDLKL,DGCR8,S109,2
291,ATKKFsYKLVK,ARRDC1,S157,2
292,SSKFYsKFHGR,C9orf43,S91,2
293,DSAQGsDVSLT,HLA-A,S356,2
294,KKRKGsDDAPY,PHF2,S899,2
295,RKHPSsPECLV,NUMA1,S77,2
296,IESFGsPKGSV,RANBP2,S3207,2
297,RKIVAsFSKRF,FBXO21,S116,2
298,RKKFEsLKSDF,BEST4,S173,2
299,RGRKKsIVAVE,ZMYM4,S1181,2
300,MERKKsQHGAG,BCR,S215,2
301,PAQSAsRENLL,SPTAN1,S1031,2
302,RLRKLsLGQYD,TNS3,S776,2
303,KRKLSsIGIQV,DLGAP4,S666,2
304,KMDTTtPLKGI,NELFA,T212,2
305,ASAIVsPHGDE,TAF6L,S495,2
306,ENKKMsQPGSP,CHD4,S1531,2
307,SITEIsDNEDD,PHLDB1,S583,2
308,EETEEtSSQES,HMGA2,T100,2
309,ACPGHsPRSQM,SMARCAL1,S112,2
310,KLSGLsFKRNR,MARCKSL1,S104,2
311,DHRKPsPAQAA,NELFB,S557,2
312,GQYSGsPQLLK,DOCK7,S30,2
313,RKRQGsRGAMG,HFE,S335,2
314,MIRKRsFGNPF,CAMKK2,S495,2
315,DSSTSsQEHLN,AFDN,S1318,2
316,ASVRKsFSEDV,AKAP11,S18,2
317,KKERKsLPEED,DKC1,S21,2
318,MRARKsSFNVS,ARHGAP45,S577,2
319,IRRKSsVLTMN,ORC1,S384,2
320,VKKTEsPIKLS,MORC2,S725,2
321,EKARKtGLITP,MSH6,T924,2
322,TSAVSsPLLDQ,ZC3H13,S242,2
323,KRRKTsDANET,NCBP1,S22,2
324,SFDQDsDVDIF,TOP2B,S1581,2
325,RGRKVsIVSKP,ARHGAP35,S1150,2
326,KNEEPsEEEID,DDX21,S121,2
327,LVRKWsLNTYK,ARFIP1,S132,2
328,ARKYAsGLLKA,DVL2,S480,2
329,DSGTCsPLRHS,ADD1,S431,2
330,SPLRHsFQKQQ,ADD1,S436,2
331,KKCKYsFKCVN,EED,S81,2
332,SENSSsTPEEC,NOP56,S467,2
333,PSGSTsSGLEV,TRIM28,S600,2
334,MKRLDsSACLH,GFPT2,S244,2
335,LELEQtIRFRK,DNAI2,T93,2
336,SAGTGsPQPPS,ZYX,S308,2
337,DDGRHsPPMVK,PRPSAP1,S215,2
338,SLSARsDSEAT,CEP170,S1165,2
339,VRLHSsNPNLC,OSBPL6,S344,2
340,VENLSsRCSWQ,SRSF4,S113,2
341,SKLKEtSPLTA,CCND2,T115,2
342,HNRLKsLMKIL,OIP5,S212,2
343,DALDSsNSMQT,KRT18,S399,2
344,GAGDRsEEEAS,NOL12,S134,2
345,ADPGGsPAQRR,ATAT1,S315,2
346,LLAEDsEEEVD,MDC1,S168,2
347,VEDRGsGRSRG,DDX5,S480,2
348,LQRLLsDNGIN,BRPF3,S900,2
349,HGEGSsSGKAT,RPS3A,S237,2
350,LQASLsSSDVR,SHROOM2,S413,2
351,EQLQEtLRQKL,LEKR1,T83,2
352,KLQMEsPDLPK,CDK18,S117,2
353,PRLSAsPPKSG,USP33,S439,2
354,KLSAVsLRGIG,SNX17,S440,2
355,DSYSNtLPVRK,BAIAP2,T340,2
356,LSLTRsPVSPL,KCTD15,S35,2
357,LDSRLsPPAGL,STAT5A,S780,2
358,STPRLsPTFPE,MEX3C,S545,2
359,ATLLNsPDRAR,MAP7,S209,2
360,DKRLStHSPFR,EPB41,T710,2
361,PSPTSsLHEDG,TOX4,S182,2
362,LSTTPsPTSSL,TOX4,S178,2
363,QHGLGsQRDLT,STIM1,S512,2
364,TGSTSsLNKLS,EXOC1,S473,2
365,EKLTSsCPDLP,STX17,S289,2
366,TYHGVsPCKVT,RNF14,S348,2
367,KRLVQsPNSYF,RPS27,S27,2
368,SLNHDsPPSTP,C19orf47,S151,2
369,LISAAsPDIRD,E2F7,S95,2
370,AIPEEsGDEDE,HDAC1,S393,2
371,AVHEDsGDEDG,HDAC2,S394,2
372,PAPSLsRCSTP,CHD8,S1978,2
373,MQNNSsPSISP,XRN2,S471,2
374,CFSRPsMSPTP,SRRM2,S2121,2
375,PSMSPtPLDRC,SRRM2,T2125,2
376,SHSSSsDTDIN,ATRX,S750,2
377,NSGRMsPMGTA,ZFAND5,S48,2
378,GSDSNsPGNVQ,YTHDF1,S350,2
379,DRNFDtLDLPK,ARVCF,T642,2
380,VFHTLsPVKAE,CLSPN,S1289,2
381,EEVFNsPRAGS,ARHGAP35,S970,2
382,NIIHGsDSVES,NME1,S120,2
383,KNLATsADTPP,SMG1,S3570,2
384,HLHSSsDDEDD,PPP6R1,S531,2
385,KNSAKsPLAAK,OFD1,S663,2
386,PLAAKsPPSLH,OFD1,S669,2
387,GKRRNsCNVGG,MEPCE,S152,2
388,NSLPAsPAHQL,DOT1L,S1001,2
389,SNSPPsPSSMN,IRF2BP2,S460,2
390,VASPTsPTRSL,CCDC120,S286,2
391,ESPPRtPTGNA,KAT7,T128,2
392,ADRRQsMAFSI,NUMA1,S2047,2
393,QTRQAsALIDR,EPB41,S521,2
394,KKQDDsPPRPI,GPALPP1,S105,2
395,DPVLKsPSPVL,EIF4G3,S230,2
396,LLNQPsPMMQR,AFDN,S1107,2
397,IHRQGsLHVGD,MPP1,S110,2
398,SPDQVsPVSEM,MAP1B,S1443,2
399,LQRQGsRENGS,SALL4,S748,2
400,LQRQHsNPGHA,TRIM33,S622,2
401,GQYSGsPQLLK,DOCK7,S30,2
402,SSKQIsPEARY,SLC25A31,S58,2
403,EEKQKsDAEED,CANX,S554,2
404,QYRQLsALHRA,RPL15,S34,2
405,PRRQLsAPHIT,FAM83G,S650,2
406,LQKQLtQPETH,DBNL,T291,2
407,KQMNMsPPPGN,PABPN1,S150,2
408,PGGSNsMPSQS,SAMD4B,S628,2
409,EYSPEsPRCQP,CCDC86,S113,2
410,KQPLFsPETRR,FAM110A,S78,2
411,SKQPLsPGPQK,ZSCAN10,S153,2
412,QQSHSsPGEIT,DDI2,S121,2
413,HHRQPsDASET,ARHGEF11,S35,2
414,EGRQPsPSPSP,PML,S36,2
415,GSRQPsVETLD,MTMR1,S43,2
416,QARQPtPPFFG,RBM14,T206,2
417,QQFYHsVQDLS,ARAF,S157,2
418,LGPSSsLLSLP,TBC1D10B,S658,2
419,GIDSSsPEVKG,PCBP1,S264,2
420,EAQRLsLRFAK,BTBD11,S151,2
421,EDDENsVDISM,WDHD1,S383,2
422,QSRQRsLLRRR,PPP1R16A,S333,2
423,TPRQRsPLLNQ,DCP1A,S353,2
424,ARRRQsAGPWP,RASAL3,S831,2
425,TDRRQsFASLA,ANK3,S1459,2
426,ESPDGsYTEEQ,FNBP1,S521,2
427,AQDREsPDGSY,FNBP1,S517,2
428,SQNPPtVNNCA,FNBP1,T507,2
429,SGLYDsQNPPT,FNBP1,S502,2
430,QSLPAsPRARL,MAP7D1,S446,2
431,LQAKQsLVPAH,RBMS1,S27,2
432,LNRQSsPAMPH,TNIK,S548,2
433,DDLLSsSEEEC,EMD,S142,2
434,DLLSSsEEECK,EMD,S143,2
435,DDDLLsSSEEE,EMD,S141,2
436,QTEPVsPVLKR,ZZZ3,S113,2
437,QWTSLsLRVTA,LIMA1,S15,2
438,QRQYSsLPRQS,PARD3,S1223,2
439,QTRRAsQGLLS,RIF1,S1542,2
440,GKRCPtPEIQK,USP8,T577,2
441,ESRRDsIVAEL,COPE,S99,2
442,DVDQPsPSAQD,HUWE1,S3816,2
443,LRRRFsLCPPS,OSBPL5,S12,2
444,RLRRFsPSQVP,CAMSAP2,S1019,2
445,TSRRFtPPSTA,RUNX1,T14,2
446,LKRGAsYLVQV,EPHB4,S502,2
447,RRRRGsGVFCA,TRPS1,S892,2
448,GSQPStPRLSP,MEX3C,T541,2
449,SMRRHtVGVAD,SIK3,T469,2
450,RLASAtRRTEA,TJAP1,T60,2
451,RLIEKsEGKLS,TJP3,S260,2
452,PPRRLsAPLPS,RNF31,S466,2
453,RRRRLsNVSLT,PRKD1,S205,2
454,VQRRLsPPECL,TFAP2A,S239,2
455,QEKRLtWPRRS,BCR,T310,2
456,QRKRMsPKPEL,CETN2,S20,2
457,AGGRPsPSAMG,LARP4B,S718,2
458,PLPVEsPDTQR,KLF3,S250,2
459,EDFRHsPEEDF,RBM12B,S710,2
460,LRRPQsPGASP,SPEN,S736,2
461,SPGSNsKVPEI,GTF2I,S679,2
462,VSRRPsEGPQP,CAMSAP1,S629,2
463,VAGRPsLLRHD,NLN,S485,2
464,PERRPsLPPSK,ZC3H14,S343,2
465,PFRRPsTYGIP,GTF2I,S412,2
466,QESSSsLEMPS,TRAPPC10,S711,2
467,KRRQIsIRGIV,PYGL,S15,2
468,FKRQLsLRINE,NUMB,S295,2
469,IRRQPtWSRSS,PTPN14,T323,2
470,EIRRQsSSYDD,REPS1,S272,2
471,DADRQtVLRVV,PLSCR3,T203,2
472,RSFSIsPVRLR,SON,S2013,2
473,RRRSIsRARQV,ADAMTS5,S264,2
474,ERKRRsPSPKP,RNPS1,S155,2
475,ERKRRsPSPKP,RNPS1,S155,2
476,PEGSAsPTPPY,AXIN1,S77,2
477,SRRSDsASSEP,PRKCD,S304,2
478,SKPPHsPLVLK,MYC,S293,2
479,TKRSFsKEVEE,EIF4G1,S1187,2
480,RRSIIsRLFGT,RABL6,S359,2
481,KRSLLsRKFRG,CDC42EP4,S80,2
482,MWTLRsPLTRS,METTL9,S26,2
483,LRRSPsKPTLA,CEP57,S55,2
484,AKRSPsPLGTS,PHLDB2,S73,2
485,YIRRRsQLLRE,WDR13,S35,2
486,AERRSsPLLRR,HDAC4,S266,2
487,SQPSPtAVPAS,MAP7D1,T118,2
488,TAVPAsDSPPT,MAP7D1,S123,2
489,PPRRSsSIASM,RNF223,S19,2
490,QSRRStQGVTL,PPP1R12A,T696,2
491,KYGGDsDHPSD,DGCR8,S271,2
492,DSDHPsDGETS,DGCR8,S275,2
493,HTNPTsPLLVK,REPS1,S482,2
494,RTNSDsALHQS,CRTC1,S153,2
495,DVITDsPTHKR,C16orf72,S266,2
496,YQRRTsDPALC,ELP2,S122,2
497,LNRRTsFSFQK,MAPKAP1,S510,2
498,GPRRTsLPRDS,NYAP2,S221,2
499,RTSVPsPEQPQ,DENND1A,S523,2
500,KRTVLsRAADT,LRRN4,S332,2
501,YRRTVtVRLKH,DNAAF1,T269,2
502,ERVITsRQGPH,GCAT,S52,2
503,LRRVQsLPSVP,PNPLA2,S404,2
504,YRKRVsVELTN,JUP,S665,2
505,AGRRVtQLRGD,RBM15,T32,2
506,VRRRYsDFEWL,SNX3,S72,2
507,IERRYsDLTTL,MCM3,S160,2
508,PRSAAsREDLV,RALGPS2,S296,2
509,KSAFSsLQNIP,SHROOM3,S664,2
510,RSAPAsPNHAG,FOXK2,S373,2
511,FYSTRsAPASQ,NUMA1,S1840,2
512,RNRSAsITNLS,PIKFYVE,S307,2
513,HKRSAsWGSTD,FAM117A,S145,2
514,GKSCDsPLNLK,ZNF687,S1211,2
515,SKSIKsDVPVY,CEP170,S359,2
516,ETSWEsPKQIK,MTDH,S568,2
517,FLDSGyRILGA,VCL,Y822,2
518,VIVDGsPKNDD,GZF1,S613,2
519,KSFNYsPNSST,RPRD2,S593,2
520,DREGAsPVTEV,ZBTB21,S422,2
521,RLRSFsMQDLT,REEP1,S152,2
522,SSRSRsFTLDD,PROSER2,S43,2
523,LANCRsGEQIF,CASKIN2,S471,2
524,EGVRLsPEPGR,ZNHIT6,S25,2
525,SGGRRsGNGNK,RAB13,S178,2
526,PQTSPsPKRAT,CAP1,S310,2
527,PKPQTsPSPKR,CAP1,S308,2
528,RSRSGsESEEA,LYSMD2,S33,2
529,GSLDDsFSDFQ,SYNRG,S473,2
530,RSRSRsHDRLP,CLK3,S199,2
531,IPLIKsHNDFV,PRKAB2,S108,2
532,LPLTRsHNNFV,PRKAB1,S108,2
533,VRRHRsIHEVD,PLEKHA6,S867,2
534,LLKYKsIISRR,SGMS1,S209,2
535,EEDSKsIKSDV,CEP170,S356,2
536,LRRTKsKGSLE,ZDHHC5,S296,2
537,VLRSKsLCHDE,CDC25B,S375,2
538,TGKSKsPCQTL,TINF2,S330,2
539,KESRKsKSPPK,SZRD1,S37,2
540,LLRSKsPVGNP,MARF1,S1093,2
541,QEHRRsLELSS,MTMR3,S647,2
542,REKRKsLFINH,CCNY,S83,2
543,FSASDsSLTDI,SIPA1L1,S1649,2
544,GGSRRsLHLDK,RBM15,S97,2
545,KSLHLsPQEQS,DSN1,S81,2
546,EQENHsPLTGS,SLITRK6,S728,2
547,KTSQEsLLRSR,TMEM268,S223,2
548,LKPGKsLPLGV,RGS14,S218,2
549,KSRSLsASPAL,NADK,S48,2
550,GPGSLsLRRGM,ASIC3,S39,2
551,SDETRsLSPGA,AEBP2,S139,2
552,GRRSLsPQEDA,MOCOS,S530,2
553,AALPRsLSRLR,FAM189A1,S18,2
554,RSLSRtPSPPP,RSRC2,T220,2
555,LSRTPsPPPFR,RSRC2,S222,2
556,VTDGGsPVPAR,BRSK2,S393,2
557,LSRSNsLPHPA,DMWD,S495,2
558,QSRSNsPLPVP,SRSF6,S303,2
559,NTEPQsPPIAS,TMF1,S72,2
560,LSERRsPALHG,SLX4,S584,2
561,SLAPRsPEIMS,SHANK2,S1282,2
562,TVLEKsPENSP,SHROOM3,S439,2
563,KKKRKsPGVAA,DCUN1D5,S9,2
564,RSRSRsPHEAG,RBM12,S424,2
565,YSGHRsPHIPY,USP22,S237,2
566,SPHSPsPIATP,BCLAF1,S230,2
567,EQEKRsPLGSV,DHX38,S1194,2
568,PPARRsPMDSL,DENND4B,S1092,2
569,ALLLRsPNRDF,PFAS,S569,2
570,TSSPRsPPSSS,MCRIP1,S21,2
571,GSAAAsPVHLK,BCL9,S917,2
572,ANTARsPQFIN,PHF3,S1642,2
573,SQSSKsPSLSS,USP24,S1141,2
574,SQRSPsPGPNH,WAC,S525,2
575,STPLHsPSPIR,BAG3,S289,2
576,AASPKsPTAAL,CEP55,S428,2
577,SPGIKsPTIPR,CTTNBP2NL,S568,2
578,EEGTRsPTLEP,SMG5,S536,2
579,SPGSSsPQLQV,MICALL1,S621,2
580,LSLTRsPVSPL,KCTD15,S35,2
581,LGTQRsQEADV,TNKS1BP1,S836,2
582,ADPDGsPGGAA,LYL1,S260,2
583,VNRSQsFAGVL,RIPOR1,S22,2
584,RSRILsRNVAP,ADAM8,S687,2
585,ARRSRsASRER,SRSF11,S338,2
586,LQKSRsTVALT,SHROOM2,S646,2
587,VRSRTsVQTED,CTNNA1,S655,2
588,RRQRSsAGGGG,ANKRD26,S23,2
589,TKRNSsPPPSP,ATP2B1,S1178,2
590,ISQRSsLETLE,CABLES1,S291,2
591,LGQSAsETEED,SF3B2,S309,2
592,PAARSsLGSLQ,ZC3HAV1,S387,2
593,ENQRSsPLSFP,ZNF777,S7,2
594,LKKSSsLESLQ,PARD3B,S746,2
595,HSRSSsLSDLT,FAM102A,S251,2
596,KPNPPsPENTA,C6orf132,S449,2
597,DAQKSsSPAPA,G3BP1,S231,2
598,RPRSSsQIPEG,WDR7,S1154,2
599,GNRSSsVPHPF,ARHGEF16,S578,2
600,KQRSSsVSLTH,PDE3B,S495,2
601,EMKRStELVLS,RB1CC1,T238,2
602,STFAGsPERES,CWF19L2,S479,2
603,VMVTAsHNPEE,PGM3,S64,2
604,SEKPGsPEAAE,RSF1,S622,2
605,STMPTsLPNLA,NOTCH2,S2115,2
606,DNQSSsPQPAQ,UBAP2L,S477,2
607,IRRSTsSSSDT,SRGAP1,S1029,2
608,VRSVAsNQSEM,CCAR2,S678,2
609,SVESTsPEPSK,SON,S283,2
610,FLRSVsMPAET,RHBDF1,S51,2
611,SEKSVtIQPPT,VANGL1,T47,2
612,SFASRsWITIP,CENPC,S316,2
613,KIWRRsYDVPP,PGAM1,S118,2
614,EPEGRsYSTLT,NECTIN4,S444,2
615,AERTAsEINFD,MAP4K5,S335,2
616,TASTPtPPQTG,EIF4G1,T207,2
617,ARTAStPTPPQ,EIF4G1,T205,2
618,APGPGtPTGTP,TBC1D10B,T148,2
619,KTERDtPGHGS,SF3B1,T303,2
620,YKRTFsEPGDH,UCK1,S253,2
621,IKTFWsPELKK,ERC1,S191,2
622,QAGSLsGSPKP,ZMYND8,S488,2
623,VFRTGsEPALS,BCAR3,S370,2
624,GEKTGsRDVIP,ARVCF,S887,2
625,KTIETsPSLSR,FANCI,S407,2
626,KTKYGsQEHPI,RASA3,S809,2
627,MLTPPsSPPPP,MICAL3,S1457,2
628,PLTEGsLRLRA,MIGA2,S276,2
629,APGSRtPGNPA,YBX2,T65,2
630,LFQVIsPQRIP,DCP1B,S511,2
631,VAIIRtPPKSP,MAP2,T1649,2
632,KFRTPsFLKKS,ADD1,S726,2
633,VVRTPsIQPSL,NUP214,S1023,2
634,LSRTPsQIIRK,OTUD4,S416,2
635,SQQQNsPQKHK,MKI67,S357,2
636,KRRTQsLSALP,CIC,S173,2
637,PRTRNsGIWES,ARHGEF11,S1295,2
638,RKRTRsVEDDE,CLK1,S140,2
639,NFDNIsLAQRL,CLTC,S1494,2
640,PVARTsPSGGT,ATXN2,S667,2
641,MENRTsPSKSP,ARID1A,S1600,2
642,ESGSDsESKPD,EPB41L3,S9,2
643,KTTPEsPPYSS,NOL4L,S130,2
644,RTTSIsPALAR,TNIK,S680,2
645,NRRTTtPPDSG,TOPORS,T205,2
646,TTVLEsDGERP,WNK3,S1095,2
647,VTPASsAKTSP,DPYSL2,S518,2
648,VPRTWsEKDLR,CELF1,S28,2
649,CSSLGsPSEPP,RPRD1A,S156,2
650,HTGFLtEYVAT,MAPK1,T185,2
651,VAFRGsDEIFC,RAPGEFL1,S313,2
652,DGETAsDSESR,CDS2,S33,2
653,VALNVsCANLL,CPNE3,S14,2
654,VAGATsIARRA,VCL,S755,2
655,ETPAPsPTVVR,WWC1,S899,2
656,PQVDGsPPGLE,CHTF18,S871,2
657,PRVGIsPLRLA,DMRTA1,S435,2
658,FSRVGsSNFRG,KRT8,S43,2
659,YFAPVtPPPSV,FBXL20,T417,2
660,VLNTGsDVEEA,CLASP2,S596,2
661,QSTPGtPSKTI,LIN54,T280,2
662,VPAKLsPMKQA,NUP214,S940,2
663,QQLQLsPLKGL,RRM2,S20,2
664,SAVPSsPKSVA,BAG3,S386,2
665,PCPPPsPGPSA,BAG3,S377,2
666,LLSKVsPSFSA,ORC2,S280,2
667,PIRVYtHEVVT,CDK1,T161,2
668,QNKQHsITKNT,EDF1,S53,2
669,SLYPAsGRSSP,EIF4ENIF1,S74,2
670,RWLDEsDAEME,HACD3,S114,2
671,ATPAPsAKSSP,CRMP1,S518,2
672,TGTNGsEISDS,CNN3,S293,2
673,YDDQTsRNTRS,ADAMTSL3,S65,2
674,QKYFDsGDYNM,ARPP19,S62,2
675,QKYGYsPRVKK,SKA3,S103,2
676,KYLMAsDPNLQ,PKP3,S331,2
677,PESNRtPVKPS,AFF4,T674,2
678,PQEHIsPQITN,DLG1,S122,2
679,EPQEEsEEEVE,G3BP1,S149,2
680,LASTAsDNDFV,NCAPD2,S1333,2
681,SVGSLsPVSAS,DBF4,S359,2
682,RPEQFsDEVEP,GAGE13,S33,2
